Wall time,Step,Value
1747994953.9091518,0,4.417177677154541
1747994995.604918,1,78.15950775146484
1747995034.896843,2,89.07975769042969
1747995074.0273316,3,93.25153350830078
1747995114.163337,4,93.49693298339844
1747995152.9933233,5,95.8282241821289
1747995191.7471378,6,95.8282241821289
1747995230.6523054,7,97.66870880126953
1747995269.667838,8,96.68711853027344
1747995309.3785276,9,97.79141235351562
1747995348.6917787,10,97.91410827636719
1747995388.3351192,11,96.44171905517578
1747995427.7227736,12,97.54601287841797
1747995467.0833895,13,97.66870880126953
1747995506.3586273,14,97.54601287841797
1747995545.3548791,15,97.30061340332031
1747995585.7828002,16,98.03681182861328
1747995625.2463615,17,98.03681182861328
1747995664.9739637,18,97.79141235351562
1747995703.8889072,19,98.15950775146484
1747995750.9680405,20,98.28221130371094
