Wall time,Step,Value
1748163987.3470924,0,6.625441551208496
1748164050.474478,1,54.01943588256836
1748164113.929291,2,67.35865783691406
1748164183.987014,3,70.00883483886719
1748164278.320765,4,71.2455825805664
1748164447.0439408,5,72.21731567382812
1748164615.156081,6,77.87102508544922
1748164783.9895632,7,76.63427734375
1748164952.8330808,8,75.66254425048828
1748165121.4550183,9,74.24911499023438
1748165290.2743826,10,78.71025085449219
1748165458.1129162,11,77.42932891845703
1748165626.1995556,12,74.33745574951172
1748165797.1930358,13,76.06007385253906
1748165964.7938733,14,76.10424041748047
1748166045.023601,15,77.82685852050781
1748166110.352478,16,76.36925506591797
1748166204.102805,17,76.81095123291016
1748166318.751676,18,75.70671081542969
1748166456.729361,19,76.72261810302734
1748166568.718988,20,75.97173309326172
