Wall time,Step,Value
1748166137.0796938,0,4.549469947814941
1748166204.7746217,1,83.56890106201172
1748166270.6055315,2,90.06183624267578
1748166334.253367,3,85.51236724853516
1748166418.730273,4,88.60424041748047
1748166496.726143,5,92.40282440185547
1748166560.348739,6,88.51589965820312
1748166608.9901993,7,89.92932891845703
1748166655.9246545,8,91.96112823486328
1748166704.5488296,9,92.53533935546875
1748166752.1672432,10,89.84098815917969
1748166800.4777071,11,90.94522857666016
1748166847.2442334,12,90.7685546875
1748166893.8276622,13,91.74028015136719
1748166940.2513976,14,89.92932891845703
1748166986.5048087,15,91.82862091064453
1748167035.789587,16,91.5194320678711
1748167083.5806313,17,91.21025085449219
1748167130.4778674,18,91.5194320678711
1748167177.54073,19,92.18197631835938
1748167224.6474113,20,91.0777359008789
